a,b,persistence,half_life,log_lik,converged
0.005831424960544296,0.965027845932059,0.9708592708926034,23.43791715354229,-7391.977815925684,True
